"","x"
"1","BR1"
"2","BR2"
"3","BR3"
"4","BR4"
"5","BR5"
"6","BR6"
"7","BR7"
"8","BR8"
"9","CM13"
"10","CM14"
"11","CR0"
"12","CR2"
"13","CR3"
"14","CR4"
"15","CR44"
"16","CR5"
"17","CR6"
"18","CR7"
"19","CR8"
"20","CR9"
"21","CR90"
"22","DA1"
"23","DA14"
"24","DA15"
"25","DA16"
"26","DA17"
"27","DA18"
"28","DA5"
"29","DA6"
"30","DA7"
"31","DA8"
"32","E1"
"33","E10"
"34","E11"
"35","E12"
"36","E13"
"37","E14"
"38","E15"
"39","E16"
"40","E17"
"41","E18"
"42","E1W"
"43","E2"
"44","E20"
"45","E3"
"46","E4"
"47","E5"
"48","E6"
"49","E7"
"50","E77"
"51","E8"
"52","E9"
"53","E98"
"54","EC1A"
"55","EC1M"
"56","EC1N"
"57","EC1P"
"58","EC1R"
"59","EC1V"
"60","EC1Y"
"61","EC2A"
"62","EC2M"
"63","EC2N"
"64","EC2P"
"65","EC2R"
"66","EC2V"
"67","EC2Y"
"68","EC3A"
"69","EC3B"
"70","EC3M"
"71","EC3N"
"72","EC3P"
"73","EC3R"
"74","EC3V"
"75","EC4A"
"76","EC4M"
"77","EC4N"
"78","EC4P"
"79","EC4R"
"80","EC4V"
"81","EC4Y"
"82","EC50"
"83","EC88"
"84","EN1"
"85","EN2"
"86","EN3"
"87","EN4"
"88","EN5"
"89","EN6"
"90","EN7"
"91","EN8"
"92","EN9"
"93","HA0"
"94","HA1"
"95","HA2"
"96","HA3"
"97","HA4"
"98","HA5"
"99","HA6"
"100","HA7"
"101","HA8"
"102","HA9"
"103","IG1"
"104","IG11"
"105","IG2"
"106","IG3"
"107","IG4"
"108","IG5"
"109","IG6"
"110","IG7"
"111","IG8"
"112","IG9"
"113","KT1"
"114","KT17"
"115","KT18"
"116","KT19"
"117","KT2"
"118","KT22"
"119","KT3"
"120","KT4"
"121","KT5"
"122","KT6"
"123","KT7"
"124","KT8"
"125","KT9"
"126","N1"
"127","N10"
"128","N11"
"129","N12"
"130","N13"
"131","N14"
"132","N15"
"133","N16"
"134","N17"
"135","N18"
"136","N19"
"137","N1C"
"138","N1P"
"139","N2"
"140","N20"
"141","N21"
"142","N22"
"143","N3"
"144","N4"
"145","N5"
"146","N6"
"147","N7"
"148","N8"
"149","N81"
"150","N9"
"151","NW1"
"152","NW10"
"153","NW11"
"154","NW1W"
"155","NW2"
"156","NW26"
"157","NW3"
"158","NW4"
"159","NW5"
"160","NW6"
"161","NW7"
"162","NW8"
"163","NW9"
"164","RM1"
"165","RM10"
"166","RM11"
"167","RM12"
"168","RM13"
"169","RM14"
"170","RM15"
"171","RM2"
"172","RM3"
"173","RM4"
"174","RM5"
"175","RM50"
"176","RM6"
"177","RM7"
"178","RM8"
"179","RM9"
"180","SE1"
"181","SE10"
"182","SE11"
"183","SE12"
"184","SE13"
"185","SE14"
"186","SE15"
"187","SE16"
"188","SE17"
"189","SE18"
"190","SE19"
"191","SE1P"
"192","SE2"
"193","SE20"
"194","SE21"
"195","SE22"
"196","SE23"
"197","SE24"
"198","SE25"
"199","SE26"
"200","SE27"
"201","SE28"
"202","SE3"
"203","SE4"
"204","SE5"
"205","SE6"
"206","SE7"
"207","SE8"
"208","SE9"
"209","SE99"
"210","SM1"
"211","SM2"
"212","SM3"
"213","SM4"
"214","SM5"
"215","SM6"
"216","SM7"
"217","SW10"
"218","SW11"
"219","SW12"
"220","SW13"
"221","SW14"
"222","SW15"
"223","SW16"
"224","SW17"
"225","SW18"
"226","SW19"
"227","SW1A"
"228","SW1E"
"229","SW1H"
"230","SW1P"
"231","SW1V"
"232","SW1W"
"233","SW1X"
"234","SW1Y"
"235","SW2"
"236","SW20"
"237","SW3"
"238","SW4"
"239","SW5"
"240","SW6"
"241","SW7"
"242","SW8"
"243","SW9"
"244","SW95"
"245","SW99"
"246","TN14"
"247","TN16"
"248","TW1"
"249","TW10"
"250","TW11"
"251","TW12"
"252","TW13"
"253","TW14"
"254","TW15"
"255","TW19"
"256","TW2"
"257","TW3"
"258","TW4"
"259","TW5"
"260","TW6"
"261","TW7"
"262","TW8"
"263","TW9"
"264","UB1"
"265","UB10"
"266","UB11"
"267","UB18"
"268","UB2"
"269","UB3"
"270","UB4"
"271","UB5"
"272","UB6"
"273","UB7"
"274","UB8"
"275","UB9"
"276","W1"
"277","W10"
"278","W11"
"279","W12"
"280","W13"
"281","W14"
"282","W1A"
"283","W1B"
"284","W1C"
"285","W1D"
"286","W1F"
"287","W1G"
"288","W1H"
"289","W1J"
"290","W1K"
"291","W1M"
"292","W1N"
"293","W1P"
"294","W1R"
"295","W1S"
"296","W1T"
"297","W1U"
"298","W1V"
"299","W1W"
"300","W1X"
"301","W1Y"
"302","W2"
"303","W3"
"304","W4"
"305","W5"
"306","W6"
"307","W7"
"308","W8"
"309","W9"
"310","WC1A"
"311","WC1B"
"312","WC1E"
"313","WC1H"
"314","WC1N"
"315","WC1R"
"316","WC1V"
"317","WC1X"
"318","WC2A"
"319","WC2B"
"320","WC2E"
"321","WC2H"
"322","WC2N"
"323","WC2R"
"324","WC99"
"325","WD2"
"326","WD23"
"327","WD3"
"328","WD6"
